{
  "__type__": "cc.SpriteFrame",
  "content": {
    "name": "5",
    "atlas": "",
    "rect": {
      "x": 49,
      "y": 48,
      "width": 423,
      "height": 423
    },
    "offset": {
      "x": 4.5,
      "y": -3.5
    },
    "originalSize": {
      "width": 512,
      "height": 512
    },
    "rotated": false,
    "capInsets": [
      0,
      0,
      0,
      0
    ],
    "vertices": {
      "rawPosition": [
        -211.5,
        -211.5,
        0,
        211.5,
        -211.5,
        0,
        -211.5,
        211.5,
        0,
        211.5,
        211.5,
        0
      ],
      "indexes": [
        0,
        1,
        2,
        2,
        1,
        3
      ],
      "uv": [
        49,
        464,
        472,
        464,
        49,
        41,
        472,
        41
      ],
      "nuv": [
        0.095703125,
        0.080078125,
        0.921875,
        0.080078125,
        0.095703125,
        0.90625,
        0.921875,
        0.90625
      ],
      "minPos": {
        "x": -211.5,
        "y": -211.5,
        "z": 0
      },
      "maxPos": {
        "x": 211.5,
        "y": 211.5,
        "z": 0
      }
    },
    "texture": "555b9ac9-0a81-4aa3-91d0-868a9ab5d33f@6c48a",
    "packable": true,
    "pixelsToUnit": 100,
    "pivot": {
      "x": 0.5,
      "y": 0.5
    },
    "meshType": 0
  }
}